{"cameraMode":{"drawMode":0,"name":"Shaded","section":"Shading Mode"},"sceneLighting":true,"audioPlay":false,"sceneViewState":{"showFog":true,"showMaterialUpdate":false,"showSkybox":true,"showFlares":true,"showImageEffects":true,"showParticleSystems":true,"showVisualEffectGraphs":true,"m_FxEnabled":true},"in2DMode":false,"pivot":{"x":-1.246400237083435,"y":4.945818901062012,"z":31.943798065185548},"rotation":{"x":0.07733289152383805,"y":-0.0014997501857578755,"z":0.00011584984167711809,"w":0.9970071911811829},"size":35.139190673828128,"orthographic":false}