{"cameraMode":{"drawMode":0,"name":"Shaded","section":"Shading Mode"},"sceneLighting":false,"audioPlay":false,"sceneViewState":{"showFog":true,"showMaterialUpdate":false,"showSkybox":false,"showFlares":true,"showImageEffects":true,"showParticleSystems":true,"showVisualEffectGraphs":true,"m_FxEnabled":true},"in2DMode":false,"pivot":{"x":16.392581939697267,"y":1.5108006000518799,"z":4.741924285888672},"rotation":{"x":0.004193251021206379,"y":0.9958084225654602,"z":0.06431850790977478,"w":-0.06492066383361817},"size":1.0403704643249512,"orthographic":false}